<?xml version="1.0" encoding="UTF-8" standalone="yes"?>
<addon id="plugin.video.pluralsight" name="Pluralsight" version="1.0.0" provider-name="Emery &amp; Horan">
    <requires>
        <import addon="xbmc.python" version="2.1.0"/>
    </requires>
    <extension point="xbmc.python.pluginsource" library="addon.py">
        <provides>video</provides>
    </extension>
    <extension point="xbmc.addon.metadata">
        <summary lang="en">Provides access to Pluralsight</summary>
        <description lang="en">Provides access watch Pluralsight training videos from the comfort of Kodi</description>
        <disclaimer lang="en"></disclaimer>
        <language>en</language>
        <platform>all</platform>
        <license>Apache 2.0 Licence</license>
        <forum></forum>
        <website>https://github.com/mintsoft/kodi.plugin.video.pluralsight</website>
        <email></email>
        <source>https://github.com/mintsoft/kodi.plugin.video.pluralsight</source>
    </extension>
</addon>