<?xml version="1.0" encoding="UTF-8" standalone="yes"?>
<addon id="plugin.video.pluralsight" name="Pluralsight" version="1.2.3" provider-name="Emery &amp; Horan">
  <requires>
    <import addon="xbmc.python" version="2.1.0"/>
  </requires>
  <extension point="xbmc.python.pluginsource" library="addon.py">
    <provides>video</provides>
  </extension>
  <extension point="xbmc.addon.metadata">
    <summary lang="en">Provides access to Pluralsight</summary>
    <description lang="en">Provides access to Pluralsight</description>
    <disclaimer lang="en"></disclaimer>
    <language>en</language>
    <platform>all</platform>
    <license></license>
    <forum></forum>
    <website></website>
    <email></email>
    <source>https://github.com/mintsoft/kodi.plugin.video.pluralsight</source>
  </extension>
</addon>